first_name,last_name,email,username
Latrina,Jeavons,ljeavons0@elpais.com,ljeavons0
Erhard,Pargetter,epargetter1@reddit.com,epargetter1
Cecily,Guidelli,cguidelli2@ucla.edu,cguidelli2
Falito,Jenteau,fjenteau3@globo.com,fjenteau3
Loleta,Jankovsky,ljankovsky4@live.com,ljankovsky4
Tanya,Getty,tgetty5@rakuten.co.jp,tgetty5
Therese,Montel,tmontel6@samsung.com,tmontel6
Brit,Birrane,bbirrane7@shareasale.com,bbirrane7
Iosep,Penzer,ipenzer8@huffingtonpost.com,ipenzer8
Noel,Gabriely,ngabriely9@hao123.com,ngabriely9
Hebert,Brobeck,hbrobecka@taobao.com,hbrobecka
Eyde,Gibbard,egibbardb@creativecommons.org,egibbardb
Caroljean,Smy,csmyc@state.tx.us,csmyc
Idell,Taffarello,itaffarellod@surveymonkey.com,itaffarellod
Rebeka,Francillo,rfrancilloe@ifeng.com,rfrancilloe
Marijn,Ping,mpingf@blog.com,mpingf
Jessalin,Gherardesci,jgherardescig@mlb.com,jgherardescig
Ingeberg,Lory,iloryh@soundcloud.com,iloryh
Worden,Charity,wcharityi@loc.gov,wcharityi
Ida,Reihill,ireihillj@phpbb.com,ireihillj
Sophey,Edensor,sedensork@odnoklassniki.ru,sedensork
Katleen,Asel,kasell@slashdot.org,kasell
Tallie,Nansom,tnansomm@state.gov,tnansomm
Corbett,Bredes,cbredesn@over-blog.com,cbredesn
Neale,Bichard,nbichardo@etsy.com,nbichardo
Charin,Craigie,ccraigiep@moonfruit.com,ccraigiep
Charity,Oloshkin,coloshkinq@desdev.cn,coloshkinq
Willow,Rue,wruer@gmpg.org,wruer
Loralee,McGloin,lmcgloins@nature.com,lmcgloins
Korrie,Alsopp,kalsoppt@ehow.com,kalsoppt
Coral,Vedmore,cvedmoreu@businessinsider.com,cvedmoreu
Clarabelle,Sneddon,csneddonv@livejournal.com,csneddonv
Boris,Vellacott,bvellacottw@deliciousdays.com,bvellacottw
Tobin,Torrance,ttorrancex@theglobeandmail.com,ttorrancex
Collie,Wycherley,cwycherleyy@friendfeed.com,cwycherleyy
Carlo,Derwin,cderwinz@google.ru,cderwinz
Lissi,Raistrick,lraistrick10@sphinn.com,lraistrick10
Anderson,Nolder,anolder11@com.com,anolder11
Verne,Muskett,vmuskett12@hibu.com,vmuskett12
Prent,Pandya,ppandya13@deliciousdays.com,ppandya13
Butch,Eltun,beltun14@xing.com,beltun14
Andrew,De Roos,aderoos15@a8.net,aderoos15
Vally,Coker,vcoker16@theglobeandmail.com,vcoker16
Wait,Vuittet,wvuittet17@answers.com,wvuittet17
Amargo,Pieper,apieper18@economist.com,apieper18
Port,Kitchin,pkitchin19@dailymotion.com,pkitchin19
Roseline,Heckle,rheckle1a@sphinn.com,rheckle1a
Melosa,Youde,myoude1b@upenn.edu,myoude1b
Hugh,Fortnam,hfortnam1c@amazon.co.jp,hfortnam1c
Ardith,Semonin,asemonin1d@xinhuanet.com,asemonin1d
Truman,Le Lievre,tlelievre1e@bbb.org,tlelievre1e
Melosa,Gosnall,mgosnall1f@statcounter.com,mgosnall1f
Chancey,Patkin,cpatkin1g@washingtonpost.com,cpatkin1g
Pavlov,Cleghorn,pcleghorn1h@wix.com,pcleghorn1h
Glory,Bock,gbock1i@yellowbook.com,gbock1i
Alvinia,Winspare,awinspare1j@miitbeian.gov.cn,awinspare1j
Tawnya,Ambler,tambler1k@com.com,tambler1k
Hunfredo,Lorie,hlorie1l@answers.com,hlorie1l
Siobhan,Kleinzweig,skleinzweig1m@bbb.org,skleinzweig1m
Gizela,Kristoffersen,gkristoffersen1n@geocities.com,gkristoffersen1n
Fabio,Spillard,fspillard1o@illinois.edu,fspillard1o
Tersina,Miquelet,tmiquelet1p@mlb.com,tmiquelet1p
Baxter,Agastina,bagastina1q@bbc.co.uk,bagastina1q
Jarrett,Ahmad,jahmad1r@cnbc.com,jahmad1r
Ethelind,McGaw,emcgaw1s@house.gov,emcgaw1s
Catarina,Maiklem,cmaiklem1t@hud.gov,cmaiklem1t
Emmott,Gerhardt,egerhardt1u@ask.com,egerhardt1u
Elbert,Siveyer,esiveyer1v@google.ca,esiveyer1v
Emogene,Gumley,egumley1w@g.co,egumley1w
Holly-anne,Pancoust,hpancoust1x@mozilla.com,hpancoust1x
Robinetta,Maier,rmaier1y@phpbb.com,rmaier1y
Horton,Dupoy,hdupoy1z@ifeng.com,hdupoy1z
Kipper,Lampard,klampard20@studiopress.com,klampard20
Nadia,Wyllie,nwyllie21@ucoz.com,nwyllie21
Theodoric,Kittley,tkittley22@twitpic.com,tkittley22
Jaclin,Bragger,jbragger23@ovh.net,jbragger23
Jens,Mathis,jmathis24@infoseek.co.jp,jmathis24
Baron,Antowski,bantowski25@ucla.edu,bantowski25
Davide,Oxborrow,doxborrow26@deliciousdays.com,doxborrow26
Iona,Earlam,iearlam27@va.gov,iearlam27
Mozes,Leek,mleek28@stumbleupon.com,mleek28
Bobby,Boote,bboote29@nasa.gov,bboote29
Westleigh,Jellico,wjellico2a@dion.ne.jp,wjellico2a
Teddi,Sidwell,tsidwell2b@cdc.gov,tsidwell2b
Claudelle,Blakeborough,cblakeborough2c@guardian.co.uk,cblakeborough2c
Shanan,Catto,scatto2d@bloglines.com,scatto2d
Bel,Petruk,bpetruk2e@fda.gov,bpetruk2e
Virgina,Raithbie,vraithbie2f@live.com,vraithbie2f
Lorinda,Haddy,lhaddy2g@nba.com,lhaddy2g
Kerrin,Freiburger,kfreiburger2h@mayoclinic.com,kfreiburger2h
Emmery,Paolo,epaolo2i@vk.com,epaolo2i
Rianon,Ledger,rledger2j@about.me,rledger2j
Rikki,Beart,rbeart2k@topsy.com,rbeart2k
Nancie,Bjorkan,nbjorkan2l@macromedia.com,nbjorkan2l
Jodi,Bardwall,jbardwall2m@discovery.com,jbardwall2m
Guillaume,Speechly,gspeechly2n@cdc.gov,gspeechly2n
Pete,Lurner,plurner2o@cloudflare.com,plurner2o
Arne,Instrell,ainstrell2p@printfriendly.com,ainstrell2p
Dorita,Goodbairn,dgoodbairn2q@lulu.com,dgoodbairn2q
Dorey,Tobin,dtobin2r@com.com,dtobin2r
Lief,Gerrelts,lgerrelts2s@prweb.com,lgerrelts2s
Bernetta,Matisse,bmatisse2t@google.it,bmatisse2t
Spense,Mackiewicz,smackiewicz2u@chicagotribune.com,smackiewicz2u
Kalinda,Calvard,kcalvard2v@wufoo.com,kcalvard2v
Dore,Andresser,dandresser2w@nature.com,dandresser2w
Lorenza,Sambrook,lsambrook2x@census.gov,lsambrook2x
Bendix,Wickendon,bwickendon2y@4shared.com,bwickendon2y
Corette,Phant,cphant2z@stanford.edu,cphant2z
Wallas,Downe,wdowne30@prweb.com,wdowne30
Betta,Yurov,byurov31@prlog.org,byurov31
Joelly,Kupec,jkupec32@sakura.ne.jp,jkupec32
Sarina,Koene,skoene33@forbes.com,skoene33
Quincy,Frome,qfrome34@ox.ac.uk,qfrome34
Kristel,Hurcombe,khurcombe35@archive.org,khurcombe35
Marylin,Dorr,mdorr36@ca.gov,mdorr36
Dugald,O Sullivan,dosullivan37@list-manage.com,dosullivan37
Diena,Furneaux,dfurneaux38@edublogs.org,dfurneaux38
Kareem,Cusick,kcusick39@jugem.jp,kcusick39
Karia,Rawstron,krawstron3a@columbia.edu,krawstron3a
Inesita,Seagood,iseagood3b@addthis.com,iseagood3b
Lauren,Heinreich,lheinreich3c@dyndns.org,lheinreich3c
Vivie,Wilshaw,vwilshaw3d@howstuffworks.com,vwilshaw3d
Maurise,Ruckman,mruckman3e@latimes.com,mruckman3e
Lanna,Robet,lrobet3f@springer.com,lrobet3f
Angelique,Darter,adarter3g@engadget.com,adarter3g
Vincenz,Reame,vreame3h@tmall.com,vreame3h
Richie,Colafate,rcolafate3i@pen.io,rcolafate3i
Ahmed,Dubber,adubber3j@meetup.com,adubber3j
Efrem,Leith-Harvey,eleithharvey3k@livejournal.com,eleithharvey3k
Morey,Damarell,mdamarell3l@mysql.com,mdamarell3l
Opal,Micco,omicco3m@artisteer.com,omicco3m
Gwenny,McKeller,gmckeller3n@typepad.com,gmckeller3n
Stevana,Klimontovich,sklimontovich3o@amazon.co.jp,sklimontovich3o
Korrie,Cheesman,kcheesman3p@wikipedia.org,kcheesman3p
Chevy,Swaddle,cswaddle3q@yahoo.co.jp,cswaddle3q
Glenn,Cardello,gcardello3r@foxnews.com,gcardello3r
Florian,Handes,fhandes3s@hc360.com,fhandes3s
Ulric,Guswell,uguswell3t@1688.com,uguswell3t
Dody,Tuther,dtuther3u@ocn.ne.jp,dtuther3u
Ulysses,Jacobowitz,ujacobowitz3v@simplemachines.org,ujacobowitz3v
Patrice,Reddick,preddick3w@fotki.com,preddick3w
Edsel,Brik,ebrik3x@usatoday.com,ebrik3x
Dick,Braunfeld,dbraunfeld3y@skype.com,dbraunfeld3y
Melonie,Spiers,mspiers3z@a8.net,mspiers3z
Vick,Deeley,vdeeley40@telegraph.co.uk,vdeeley40
Pascal,Whettleton,pwhettleton41@virginia.edu,pwhettleton41
Robinet,Renard,rrenard42@weibo.com,rrenard42
Dania,Harty,dharty43@whitehouse.gov,dharty43
Keefer,Duly,kduly44@theguardian.com,kduly44
Bridgette,Roundtree,broundtree45@un.org,broundtree45
Flint,Server,fserver46@hugedomains.com,fserver46
Christi,Rebillard,crebillard47@simplemachines.org,crebillard47
Stella,Pittel,spittel48@unesco.org,spittel48
Finley,Roumier,froumier49@bloglovin.com,froumier49
Raimondo,Molyneux,rmolyneux4a@cbslocal.com,rmolyneux4a
Madelina,Romans,mromans4b@zimbio.com,mromans4b
Arlee,McArdle,amcardle4c@china.com.cn,amcardle4c
Maurice,Kilmaster,mkilmaster4d@mozilla.com,mkilmaster4d
Shawn,Dimock,sdimock4e@chronoengine.com,sdimock4e
Westbrook,Krojn,wkrojn4f@mediafire.com,wkrojn4f
Bobbee,Fennell,bfennell4g@printfriendly.com,bfennell4g
Kathryn,Moraleda,kmoraleda4h@cbslocal.com,kmoraleda4h
Jarib,Scneider,jscneider4i@newsvine.com,jscneider4i
Lynnette,Vasilischev,lvasilischev4j@taobao.com,lvasilischev4j
Shelley,Crawforth,scrawforth4k@surveymonkey.com,scrawforth4k
Isadora,Tinker,itinker4l@last.fm,itinker4l
Astrix,Ilyinykh,ailyinykh4m@ehow.com,ailyinykh4m
Oran,Antushev,oantushev4n@lycos.com,oantushev4n
Madalyn,Haken,mhaken4o@github.io,mhaken4o
Cyb,Dudbridge,cdudbridge4p@google.it,cdudbridge4p
Tamra,Osgood,tosgood4q@google.fr,tosgood4q
Suzie,Ladon,sladon4r@cyberchimps.com,sladon4r
Brandea,Phizacklea,bphizacklea4s@usatoday.com,bphizacklea4s
Fay,Bergeau,fbergeau4t@pinterest.com,fbergeau4t
Talyah,Plaide,tplaide4u@sina.com.cn,tplaide4u
Chlo,Le Galle,clegalle4v@home.pl,clegalle4v
Gothart,Nand,gnand4w@utexas.edu,gnand4w
Ibby,Cartlidge,icartlidge4x@ucoz.com,icartlidge4x
Gaye,Yersin,gyersin4y@archive.org,gyersin4y
Wood,Kilbourne,wkilbourne4z@hexun.com,wkilbourne4z
Ursala,Eynaud,ueynaud50@yahoo.co.jp,ueynaud50
Elspeth,Slopier,eslopier51@macromedia.com,eslopier51
Jon,Beckford,jbeckford52@sciencedirect.com,jbeckford52
Hilliary,Welland,hwelland53@mlb.com,hwelland53
Madlin,Philipart,mphilipart54@kickstarter.com,mphilipart54
Melba,Gadd,mgadd55@marketwatch.com,mgadd55
Lorin,Bridywater,lbridywater56@usnews.com,lbridywater56
Alexina,Thulborn,athulborn57@reuters.com,athulborn57
Tarrance,Rickford,trickford58@aol.com,trickford58
Patrick,Gipps,pgipps59@yolasite.com,pgipps59
Fianna,Waymont,fwaymont5a@virginia.edu,fwaymont5a
Lucas,Eckery,leckery5b@live.com,leckery5b
Annecorinne,Drever,adrever5c@icq.com,adrever5c
Martina,Gaskin,mgaskin5d@disqus.com,mgaskin5d
Westley,Gherardini,wgherardini5e@123-reg.co.uk,wgherardini5e
Sella,Duerdin,sduerdin5f@yellowbook.com,sduerdin5f
Trent,Arney,tarney5g@rediff.com,tarney5g
Flemming,Vigars,fvigars5h@kickstarter.com,fvigars5h
Jannel,Aleso,jaleso5i@behance.net,jaleso5i
Minerva,Greatrex,mgreatrex5j@mozilla.org,mgreatrex5j
Gabie,Stollmeier,gstollmeier5k@blogtalkradio.com,gstollmeier5k
Gelya,Kellitt,gkellitt5l@sfgate.com,gkellitt5l
Rachel,Izak,rizak5m@feedburner.com,rizak5m
Imogene,Narrie,inarrie5n@buzzfeed.com,inarrie5n
Brietta,Huffy,bhuffy5o@apple.com,bhuffy5o
Dori,Wabersich,dwabersich5p@newsvine.com,dwabersich5p
Gilbert,Gronw,ggronw5q@liveinternet.ru,ggronw5q
Clem,Venney,cvenney5r@washington.edu,cvenney5r
Giorgia,Lodwick,glodwick5s@dyndns.org,glodwick5s
Modestine,Caccavari,mcaccavari5t@istockphoto.com,mcaccavari5t
Selby,Karleman,skarleman5u@boston.com,skarleman5u
Elvira,Lusty,elusty5v@fotki.com,elusty5v
Rivkah,Mattiacci,rmattiacci5w@toplist.cz,rmattiacci5w
Sayre,Thomel,sthomel5x@creativecommons.org,sthomel5x
Benito,Cobden,bcobden5y@twitpic.com,bcobden5y
Terese,Dorrell,tdorrell5z@twitpic.com,tdorrell5z
Anet,Surgey,asurgey60@1und1.de,asurgey60
Julia,Skellion,jskellion61@globo.com,jskellion61
Rustie,Storrs,rstorrs62@chicagotribune.com,rstorrs62
Krishnah,Scanes,kscanes63@epa.gov,kscanes63
Earlie,Palluschek,epalluschek64@cdc.gov,epalluschek64
Tanhya,Winders,twinders65@ow.ly,twinders65
Giffer,Asken,gasken66@skype.com,gasken66
Laureen,MacIlraith,lmacilraith67@fastcompany.com,lmacilraith67
Goldia,Parkhouse,gparkhouse68@sohu.com,gparkhouse68
Danny,Pozzi,dpozzi69@npr.org,dpozzi69
Carlota,Purselowe,cpurselowe6a@nature.com,cpurselowe6a
Udall,Ginnane,uginnane6b@bluehost.com,uginnane6b
Regina,Rounsivall,rrounsivall6c@sphinn.com,rrounsivall6c
Clemmy,Meaden,cmeaden6d@weather.com,cmeaden6d
Roobbie,Jann,rjann6e@wordpress.com,rjann6e
Spence,Manktelow,smanktelow6f@list-manage.com,smanktelow6f
Giraud,Balaam,gbalaam6g@reddit.com,gbalaam6g
Lorine,Cobon,lcobon6h@symantec.com,lcobon6h
Nikkie,Burbage,nburbage6i@pen.io,nburbage6i
Ardisj,Assinder,aassinder6j@uol.com.br,aassinder6j
Abbi,Pickrell,apickrell6k@princeton.edu,apickrell6k
Paten,Aspenlon,paspenlon6l@baidu.com,paspenlon6l
Federica,McLevie,fmclevie6m@alexa.com,fmclevie6m
Gene,Furzey,gfurzey6n@epa.gov,gfurzey6n
Elora,Richichi,erichichi6o@imageshack.us,erichichi6o
Jeralee,Self,jself6p@cbslocal.com,jself6p
Cherry,Callendar,ccallendar6q@1und1.de,ccallendar6q
Jaynell,Petrowsky,jpetrowsky6r@slashdot.org,jpetrowsky6r
Darnall,McCahey,dmccahey6s@de.vu,dmccahey6s
Merilyn,Postlethwaite,mpostlethwaite6t@walmart.com,mpostlethwaite6t
Karie,Durante,kdurante6u@zdnet.com,kdurante6u
Rodolph,Sandars,rsandars6v@wired.com,rsandars6v
Gasparo,Robley,grobley6w@thetimes.co.uk,grobley6w
Brandy,Kunat,bkunat6x@yahoo.com,bkunat6x
Jsandye,Bromehed,jbromehed6y@nyu.edu,jbromehed6y
Klemens,Sysland,ksysland6z@networkadvertising.org,ksysland6z
Arleen,Banke,abanke70@163.com,abanke70
Sloane,Meineken,smeineken71@networksolutions.com,smeineken71
Sterling,Gravey,sgravey72@cisco.com,sgravey72
Beverlie,Feenan,bfeenan73@telegraph.co.uk,bfeenan73
Ninnetta,Float,nfloat74@vinaora.com,nfloat74
Bryce,Tulloch,btulloch75@webeden.co.uk,btulloch75
Rhody,Digginson,rdigginson76@slideshare.net,rdigginson76
Roger,Snodden,rsnodden77@intel.com,rsnodden77
Amby,Pudge,apudge78@scientificamerican.com,apudge78
Yetta,Rushsorth,yrushsorth79@tripod.com,yrushsorth79
Olympia,Donizeau,odonizeau7a@yale.edu,odonizeau7a
Ilario,Havvock,ihavvock7b@cbc.ca,ihavvock7b
Hernando,Cutting,hcutting7c@ehow.com,hcutting7c
Harrison,Vanns,hvanns7d@businesswire.com,hvanns7d
Carlotta,McDill,cmcdill7e@army.mil,cmcdill7e
Carroll,Harral,charral7f@networkadvertising.org,charral7f
Rhys,Marshallsay,rmarshallsay7g@g.co,rmarshallsay7g
Walt,Dabbes,wdabbes7h@goo.ne.jp,wdabbes7h
Flin,Byllam,fbyllam7i@icq.com,fbyllam7i
Enrico,Aviss,eaviss7j@yellowbook.com,eaviss7j
Cristabel,Mourant,cmourant7k@vkontakte.ru,cmourant7k
Nikki,Gatherer,ngatherer7l@cbc.ca,ngatherer7l
Gonzalo,Stoaks,gstoaks7m@forbes.com,gstoaks7m
Joby,Clementucci,jclementucci7n@cdc.gov,jclementucci7n
Jacklin,Kirton,jkirton7o@noaa.gov,jkirton7o
Flory,St. Ledger,fstledger7p@instagram.com,fstledger7p
Curry,Stuchberry,cstuchberry7q@dion.ne.jp,cstuchberry7q
Dot,Neward,dneward7r@github.io,dneward7r
Simona,Spinnace,sspinnace7s@vimeo.com,sspinnace7s
Karole,Dunkirk,kdunkirk7t@timesonline.co.uk,kdunkirk7t
Faustine,Bocke,fbocke7u@mapy.cz,fbocke7u
Kaylil,Beardon,kbeardon7v@bloglines.com,kbeardon7v
Bordie,Doumenc,bdoumenc7w@cargocollective.com,bdoumenc7w
Verge,Haylor,vhaylor7x@msn.com,vhaylor7x
Blondelle,Milberry,bmilberry7y@sun.com,bmilberry7y
Chrystel,Tarn,ctarn7z@bandcamp.com,ctarn7z
Torr,Laycock,tlaycock80@drupal.org,tlaycock80
Sayers,Lauder,slauder81@state.tx.us,slauder81
Phillipp,Beedell,pbeedell82@amazonaws.com,pbeedell82
Darcey,Handes,dhandes83@spotify.com,dhandes83
Dynah,McDavitt,dmcdavitt84@gov.uk,dmcdavitt84
Erick,Glencorse,eglencorse85@amazon.co.uk,eglencorse85
Caz,Lawful,clawful86@google.com.hk,clawful86
Sarette,Waite,swaite87@sbwire.com,swaite87
Yardley,Clorley,yclorley88@soup.io,yclorley88
Cyndy,Humbert,chumbert89@shop-pro.jp,chumbert89
Corey,Nolder,cnolder8a@hibu.com,cnolder8a
Cleve,Astridge,castridge8b@ask.com,castridge8b
Umberto,Pratte,upratte8c@facebook.com,upratte8c
Christine,McTerrelly,cmcterrelly8d@merriam-webster.com,cmcterrelly8d
Lemmy,Burberry,lburberry8e@so-net.ne.jp,lburberry8e
Darrick,Pratley,dpratley8f@sakura.ne.jp,dpratley8f
Eleni,Uren,euren8g@apple.com,euren8g
Archie,Dallan,adallan8h@tuttocitta.it,adallan8h
Fawne,Cowlam,fcowlam8i@goo.gl,fcowlam8i
Bill,Witham,bwitham8j@wordpress.org,bwitham8j
Orv,Aronoff,oaronoff8k@multiply.com,oaronoff8k
Abraham,Sedgmond,asedgmond8l@hugedomains.com,asedgmond8l
Bill,Suermeier,bsuermeier8m@washingtonpost.com,bsuermeier8m
Alexandros,Duerdin,aduerdin8n@patch.com,aduerdin8n
Colman,Loughhead,cloughhead8o@1688.com,cloughhead8o
Clotilda,Bulpitt,cbulpitt8p@wikimedia.org,cbulpitt8p
Salim,Di Gregorio,sdigregorio8q@homestead.com,sdigregorio8q
Hyacinthie,Muffitt,hmuffitt8r@businessinsider.com,hmuffitt8r
Alard,Rivaland,arivaland8s@exblog.jp,arivaland8s
Berke,Keoghane,bkeoghane8t@google.pl,bkeoghane8t
Sandor,Coskerry,scoskerry8u@virginia.edu,scoskerry8u
Hollyanne,Eilhertsen,heilhertsen8v@un.org,heilhertsen8v
Rosette,Whanstall,rwhanstall8w@wix.com,rwhanstall8w
Karrah,Dockray,kdockray8x@mozilla.org,kdockray8x
Doloritas,Kigelman,dkigelman8y@amazonaws.com,dkigelman8y
Almeria,Glavin,aglavin8z@hexun.com,aglavin8z
Efren,Hampton,ehampton90@icio.us,ehampton90
Lorelle,Peckitt,lpeckitt91@dailymail.co.uk,lpeckitt91
Moore,Durman,mdurman92@amazon.de,mdurman92
Johnny,Mixon,jmixon93@privacy.gov.au,jmixon93
Hildagarde,Tytherton,htytherton94@accuweather.com,htytherton94
Richardo,Duhig,rduhig95@spotify.com,rduhig95
Tate,Bellocht,tbellocht96@upenn.edu,tbellocht96
Vidovik,Sarvar,vsarvar97@newyorker.com,vsarvar97
Kissee,Wickerson,kwickerson98@amazon.de,kwickerson98
Carley,Mence,cmence99@baidu.com,cmence99
Pascal,Schonfeld,pschonfeld9a@alexa.com,pschonfeld9a
Ellwood,Cossons,ecossons9b@addtoany.com,ecossons9b
Ferris,Kinnerk,fkinnerk9c@newsvine.com,fkinnerk9c
Celka,Sumpter,csumpter9d@yale.edu,csumpter9d
Ellissa,Croasdale,ecroasdale9e@php.net,ecroasdale9e
Dennis,McTague,dmctague9f@cornell.edu,dmctague9f
Harp,Tschersich,htschersich9g@intel.com,htschersich9g
Godiva,Galliard,ggalliard9h@domainmarket.com,ggalliard9h
Rustin,Eayrs,reayrs9i@opensource.org,reayrs9i
Courtnay,Scandrick,cscandrick9j@creativecommons.org,cscandrick9j
Lonee,Curzon,lcurzon9k@nydailynews.com,lcurzon9k
Anthe,Durran,adurran9l@etsy.com,adurran9l
Sianna,Goodlad,sgoodlad9m@sina.com.cn,sgoodlad9m
Joelly,Arnecke,jarnecke9n@cnbc.com,jarnecke9n
Avie,Mellor,amellor9o@nhs.uk,amellor9o
Roddy,McGilvra,rmcgilvra9p@creativecommons.org,rmcgilvra9p
Jere,Arends,jarends9q@histats.com,jarends9q
Robert,Cornell,rcornell9r@usa.gov,rcornell9r
Arny,Casterton,acasterton9s@bing.com,acasterton9s
Wilie,Smeaton,wsmeaton9t@buzzfeed.com,wsmeaton9t
Eugenie,Physic,ephysic9u@gravatar.com,ephysic9u
Marsha,Speirs,mspeirs9v@phoca.cz,mspeirs9v
Letitia,Figures,lfigures9w@nature.com,lfigures9w
Merrielle,Laybourne,mlaybourne9x@alexa.com,mlaybourne9x
Marwin,Keightley,mkeightley9y@columbia.edu,mkeightley9y
Allie,Gueinn,agueinn9z@ucsd.edu,agueinn9z
Zebedee,Boughtflower,zboughtflowera0@google.com.br,zboughtflowera0
Tiphani,Lilleyman,tlilleymana1@vinaora.com,tlilleymana1
Debi,Farn,dfarna2@edublogs.org,dfarna2
Sofie,de Werk,sdewerka3@bloglines.com,sdewerka3
Jared,Jakubovsky,jjakubovskya4@netvibes.com,jjakubovskya4
Adams,Spollen,aspollena5@cnbc.com,aspollena5
Lynnett,Thumnel,lthumnela6@sciencedirect.com,lthumnela6
Valentina,Kerfod,vkerfoda7@jiathis.com,vkerfoda7
Carry,Mechem,cmechema8@example.com,cmechema8
Frasco,Lubbock,flubbocka9@wikia.com,flubbocka9
Egan,Twinbourne,etwinbourneaa@ucoz.com,etwinbourneaa
Gunilla,Seeviour,gseeviourab@nhs.uk,gseeviourab
Joshia,Barrows,jbarrowsac@usgs.gov,jbarrowsac
Min,Townsley,mtownsleyad@shareasale.com,mtownsleyad
Ranice,Hugonnet,rhugonnetae@smugmug.com,rhugonnetae
Kally,Mersey,kmerseyaf@blinklist.com,kmerseyaf
Jordanna,Cleverley,jcleverleyag@wiley.com,jcleverleyag
Nikoletta,Baroux,nbarouxah@unicef.org,nbarouxah
Gottfried,Lamprecht,glamprechtai@ft.com,glamprechtai
Beverlee,Delgadillo,bdelgadilloaj@geocities.com,bdelgadilloaj
Noelani,Murr,nmurrak@constantcontact.com,nmurrak
Gonzales,Judgkins,gjudgkinsal@facebook.com,gjudgkinsal
Roobbie,Kovnot,rkovnotam@ehow.com,rkovnotam
Andres,Pawley,apawleyan@barnesandnoble.com,apawleyan
Ernestine,Shoute,eshouteao@delicious.com,eshouteao
Ernaline,Annandale,eannandaleap@usa.gov,eannandaleap
Ambrosio,MacKaig,amackaigaq@hhs.gov,amackaigaq
Alistair,Ziemen,aziemenar@hubpages.com,aziemenar
Adelbert,Jerrolt,ajerroltas@marriott.com,ajerroltas
Nanete,Mauser,nmauserat@ca.gov,nmauserat
Karrie,Le Noire,klenoireau@scribd.com,klenoireau
Alfie,Winckles,awincklesav@purevolume.com,awincklesav
Kellby,Yeaman,kyeamanaw@google.pl,kyeamanaw
Marley,Housin,mhousinax@clickbank.net,mhousinax
Tuck,Cardenoza,tcardenozaay@deliciousdays.com,tcardenozaay
Kathe,Verriour,kverriouraz@noaa.gov,kverriouraz
Emlen,Prin,eprinb0@wired.com,eprinb0
Yurik,Eles,yelesb1@cmu.edu,yelesb1
Rora,Diego,rdiegob2@bizjournals.com,rdiegob2
Jenine,Wymer,jwymerb3@mozilla.org,jwymerb3
Benji,McCrisken,bmccriskenb4@discovery.com,bmccriskenb4
Sonny,Partener,spartenerb5@bluehost.com,spartenerb5
Chery,Brandrick,cbrandrickb6@businessinsider.com,cbrandrickb6
Nesta,Fresson,nfressonb7@dot.gov,nfressonb7
Brier,Murtell,bmurtellb8@squarespace.com,bmurtellb8
Stavro,MacCorkell,smaccorkellb9@youtube.com,smaccorkellb9
Gianni,Fyldes,gfyldesba@imageshack.us,gfyldesba
Vlad,Girsch,vgirschbb@webmd.com,vgirschbb
Lizette,McIlhatton,lmcilhattonbc@cyberchimps.com,lmcilhattonbc
Theresita,Lehrle,tlehrlebd@example.com,tlehrlebd
Rustin,Lanchberry,rlanchberrybe@plala.or.jp,rlanchberrybe
Mariam,Aguirrezabal,maguirrezabalbf@scientificamerican.com,maguirrezabalbf
Walker,Worgan,wworganbg@walmart.com,wworganbg
Coop,Sunner,csunnerbh@quantcast.com,csunnerbh
Kiele,Swatten,kswattenbi@github.com,kswattenbi
Olenka,Anstee,oansteebj@webeden.co.uk,oansteebj
Davie,Rosengart,drosengartbk@yellowbook.com,drosengartbk
Winonah,Reeder,wreederbl@bigcartel.com,wreederbl
Artemas,Dominetti,adominettibm@fastcompany.com,adominettibm
Lyndsay,Falloon,lfalloonbn@lycos.com,lfalloonbn
Judye,McGrath,jmcgrathbo@hugedomains.com,jmcgrathbo
Ranna,Potbury,rpotburybp@icq.com,rpotburybp
Nikki,Cristofor,ncristoforbq@sogou.com,ncristoforbq
Thor,Romain,tromainbr@vkontakte.ru,tromainbr
Amby,Armistead,aarmisteadbs@list-manage.com,aarmisteadbs
Theo,Risman,trismanbt@patch.com,trismanbt
Stacy,Kelberer,skelbererbu@foxnews.com,skelbererbu
Ertha,McHardy,emchardybv@canalblog.com,emchardybv
Christa,Inde,cindebw@smugmug.com,cindebw
Juliana,Bothram,jbothrambx@howstuffworks.com,jbothrambx
Daniele,Calken,dcalkenby@sun.com,dcalkenby
Lanette,Van der Hoeven,lvanderhoevenbz@wikipedia.org,lvanderhoevenbz
Joanna,Grogor,jgrogorc0@wufoo.com,jgrogorc0
Aurora,Tatton,atattonc1@constantcontact.com,atattonc1
Leanor,Eyree,leyreec2@smh.com.au,leyreec2
Elli,Richold,ericholdc3@ftc.gov,ericholdc3
Cart,Parmeter,cparmeterc4@berkeley.edu,cparmeterc4
Anallese,Daniels,adanielsc5@wikimedia.org,adanielsc5
Diego,Penticost,dpenticostc6@yellowbook.com,dpenticostc6
Bart,Skelington,bskelingtonc7@twitter.com,bskelingtonc7
Chandler,Shemmans,cshemmansc8@cnn.com,cshemmansc8
Erl,Browncey,ebrownceyc9@de.vu,ebrownceyc9
Nonah,Zukierman,nzukiermanca@xinhuanet.com,nzukiermanca
Sidoney,Trett,strettcb@ow.ly,strettcb
Dell,Fullegar,dfullegarcc@gmpg.org,dfullegarcc
Kally,Rockwell,krockwellcd@google.com.br,krockwellcd
Dieter,Masserel,dmasserelce@phpbb.com,dmasserelce
Nikolia,Cicculi,ncicculicf@umn.edu,ncicculicf
Aveline,Waite,awaitecg@scientificamerican.com,awaitecg
Guenna,McKeown,gmckeownch@list-manage.com,gmckeownch
Levy,Denington,ldeningtonci@prweb.com,ldeningtonci
Viv,Jeavon,vjeavoncj@nifty.com,vjeavoncj
Antonia,Barnwille,abarnwilleck@geocities.jp,abarnwilleck
Eamon,Vuittet,evuittetcl@unc.edu,evuittetcl
Lynnett,Daingerfield,ldaingerfieldcm@admin.ch,ldaingerfieldcm
Giusto,McGann,gmcganncn@jigsy.com,gmcganncn
Maribel,Aleksic,maleksicco@wp.com,maleksicco
Hill,Chaudret,hchaudretcp@tripadvisor.com,hchaudretcp
Leonidas,MacClenan,lmacclenancq@nps.gov,lmacclenancq
Sukey,Corteney,scorteneycr@jugem.jp,scorteneycr
Colette,Sample,csamplecs@topsy.com,csamplecs
Nari,Eisikowitch,neisikowitchct@mail.ru,neisikowitchct
Cindie,Grzeszczyk,cgrzeszczykcu@cbsnews.com,cgrzeszczykcu
Diahann,Han,dhancv@ezinearticles.com,dhancv
Fred,MacMechan,fmacmechancw@yelp.com,fmacmechancw
Shelton,Nelsen,snelsencx@hugedomains.com,snelsencx
Robby,Ribeiro,rribeirocy@marketwatch.com,rribeirocy
Vanya,Caldero,vcalderocz@independent.co.uk,vcalderocz
Rozelle,Davidovits,rdavidovitsd0@washington.edu,rdavidovitsd0
Dredi,Winpenny,dwinpennyd1@google.cn,dwinpennyd1
Junina,Aggio,jaggiod2@mtv.com,jaggiod2
Liz,Lascell,llascelld3@slideshare.net,llascelld3
Mitchell,Mensler,mmenslerd4@globo.com,mmenslerd4
Ginnifer,Terran,gterrand5@lycos.com,gterrand5
Skell,Gerriet,sgerrietd6@ted.com,sgerrietd6
Ashleigh,Elston,aelstond7@miibeian.gov.cn,aelstond7
Cross,Reville,crevilled8@tuttocitta.it,crevilled8
Perla,Tomsen,ptomsend9@shinystat.com,ptomsend9
Allison,Nottingham,anottinghamda@virginia.edu,anottinghamda
Orel,Connar,oconnardb@liveinternet.ru,oconnardb
Ebba,Anton,eantondc@npr.org,eantondc
Torey,Demsey,tdemseydd@purevolume.com,tdemseydd
Spense,Stott,sstottde@hp.com,sstottde
Hedy,Hrinchishin,hhrinchishindf@tiny.cc,hhrinchishindf
Wendeline,Phillott,wphillottdg@altervista.org,wphillottdg
Auberta,Muneely,amuneelydh@aol.com,amuneelydh
Rodie,Hamlin,rhamlindi@discovery.com,rhamlindi
Hillary,Swainsbury,hswainsburydj@yandex.ru,hswainsburydj
Burt,Pritchard,bpritcharddk@paypal.com,bpritcharddk
Mada,Kittman,mkittmandl@webnode.com,mkittmandl
Deonne,Pedrick,dpedrickdm@stumbleupon.com,dpedrickdm
Flinn,Taudevin,ftaudevindn@gmpg.org,ftaudevindn
Marika,Meadowcroft,mmeadowcroftdo@bigcartel.com,mmeadowcroftdo
Hurlee,Tamburi,htamburidp@twitter.com,htamburidp
Bear,Schankelborg,bschankelborgdq@intel.com,bschankelborgdq
Arel,Rawne,arawnedr@com.com,arawnedr
Valerie,Garmey,vgarmeyds@amazonaws.com,vgarmeyds
Elisha,Rosenauer,erosenauerdt@mayoclinic.com,erosenauerdt
Ethe,Prendiville,eprendivilledu@homestead.com,eprendivilledu
Odella,Danes,odanesdv@google.co.jp,odanesdv
Theodora,Hintzer,thintzerdw@freewebs.com,thintzerdw
Boony,Mc Ilory,bmcilorydx@deliciousdays.com,bmcilorydx
Osbourn,Tollow,otollowdy@dedecms.com,otollowdy
Melloney,Bollins,mbollinsdz@chron.com,mbollinsdz
Lauraine,Zanazzi,lzanazzie0@cdc.gov,lzanazzie0
Bridie,McDonell,bmcdonelle1@engadget.com,bmcdonelle1
Simonette,Bouttell,sbouttelle2@usgs.gov,sbouttelle2
Patton,Offord,pofforde3@baidu.com,pofforde3
Melantha,Benn,mbenne4@ovh.net,mbenne4
Dougy,Marris,dmarrise5@fotki.com,dmarrise5
Callie,Genney,cgenneye6@squidoo.com,cgenneye6
Ilise,MacArdle,imacardlee7@dmoz.org,imacardlee7
Kim,Andriveaux,kandriveauxe8@wikia.com,kandriveauxe8
Shaine,Rosenhaus,srosenhause9@google.ru,srosenhause9
Clari,Phizackarley,cphizackarleyea@wunderground.com,cphizackarleyea
Jessa,Bartos,jbartoseb@deliciousdays.com,jbartoseb
Penni,Danneil,pdanneilec@admin.ch,pdanneilec
Haven,Bernadon,hbernadoned@twitter.com,hbernadoned
Matthew,Jancik,mjancikee@samsung.com,mjancikee
Neddie,Rivalant,nrivalantef@blogtalkradio.com,nrivalantef
Inga,Tumilson,itumilsoneg@businessweek.com,itumilsoneg
Tresa,Gronav,tgronaveh@mozilla.com,tgronaveh
Floria,Dady,fdadyei@mediafire.com,fdadyei
Bonnee,Madill,bmadillej@free.fr,bmadillej
Wolfy,Milbourne,wmilbourneek@cmu.edu,wmilbourneek
Heidi,Domenicone,hdomeniconeel@utexas.edu,hdomeniconeel
Norah,Payley,npayleyem@is.gd,npayleyem
Prince,McKenny,pmckennyen@studiopress.com,pmckennyen
Korie,Collington,kcollingtoneo@liveinternet.ru,kcollingtoneo
Kermit,Kivlin,kkivlinep@psu.edu,kkivlinep
Perice,Mc Andrew,pmcandreweq@earthlink.net,pmcandreweq
Sumner,Swann,sswanner@army.mil,sswanner
Patrick,Calvert,pcalvertes@nature.com,pcalvertes
Rochette,McIlenna,rmcilennaet@mozilla.com,rmcilennaet
Mollee,Krebs,mkrebseu@gravatar.com,mkrebseu
Berke,Chestnut,bchestnutev@mail.ru,bchestnutev
Anica,Fante,afanteew@yahoo.com,afanteew
Sandie,Crossthwaite,scrossthwaiteex@sciencedirect.com,scrossthwaiteex
Anabelle,MacLaren,amaclareney@epa.gov,amaclareney
Alfy,Elce,aelceez@theatlantic.com,aelceez
Lory,Hazzard,lhazzardf0@topsy.com,lhazzardf0
Blaine,Romain,bromainf1@about.me,bromainf1
Darryl,Heinzler,dheinzlerf2@newyorker.com,dheinzlerf2
Onfre,Saffill,osaffillf3@behance.net,osaffillf3
Claudine,Binns,cbinnsf4@wired.com,cbinnsf4
Nada,Dominec,ndominecf5@seattletimes.com,ndominecf5
Bari,McComish,bmccomishf6@privacy.gov.au,bmccomishf6
Garey,Delafont,gdelafontf7@reuters.com,gdelafontf7
Dana,Mattson,dmattsonf8@zdnet.com,dmattsonf8
Percival,Townsend,ptownsendf9@google.com.hk,ptownsendf9
Lynett,Vassie,lvassiefa@surveymonkey.com,lvassiefa
Morten,Sandilands,msandilandsfb@woothemes.com,msandilandsfb
Bennie,Orhrt,borhrtfc@walmart.com,borhrtfc
Delainey,Tettley,dtettleyfd@networkadvertising.org,dtettleyfd
Margret,Petrou,mpetroufe@flavors.me,mpetroufe
Cale,Skegg,cskeggff@squidoo.com,cskeggff
Deirdre,Cannings,dcanningsfg@hugedomains.com,dcanningsfg
Anny,Simpkiss,asimpkissfh@ocn.ne.jp,asimpkissfh
Otes,Sinney,osinneyfi@cnn.com,osinneyfi
Floria,Teeney,fteeneyfj@delicious.com,fteeneyfj
Arlin,Retchford,aretchfordfk@phpbb.com,aretchfordfk
Derry,Minerdo,dminerdofl@sun.com,dminerdofl
Emilie,Mulvihill,emulvihillfm@imageshack.us,emulvihillfm
Carl,Kingsbury,ckingsburyfn@xinhuanet.com,ckingsburyfn
Arvy,Caird,acairdfo@biblegateway.com,acairdfo
Justinian,Semper,jsemperfp@zdnet.com,jsemperfp
Isaak,Goodban,igoodbanfq@hibu.com,igoodbanfq
Caroljean,Leaning,cleaningfr@so-net.ne.jp,cleaningfr
Shane,Elce,selcefs@cbc.ca,selcefs
Izzy,Ogborn,iogbornft@cbsnews.com,iogbornft
Eddi,Attenburrow,eattenburrowfu@wordpress.com,eattenburrowfu
Karlee,Rutherfoord,krutherfoordfv@technorati.com,krutherfoordfv
Vassili,Tredinnick,vtredinnickfw@wikimedia.org,vtredinnickfw
Amalia,Muehle,amuehlefx@canalblog.com,amuehlefx
Tony,Eloi,teloify@google.pl,teloify
Rhody,Purrington,rpurringtonfz@jugem.jp,rpurringtonfz
Fabian,Ledson,fledsong0@squidoo.com,fledsong0
Vance,Eppson,veppsong1@bbc.co.uk,veppsong1
Dody,Biggs,dbiggsg2@taobao.com,dbiggsg2
Ruthanne,Dennert,rdennertg3@artisteer.com,rdennertg3
Gerladina,Pipping,gpippingg4@shop-pro.jp,gpippingg4
Sophey,Andersch,sanderschg5@businesswire.com,sanderschg5
Birdie,Irvin,birving6@who.int,birving6
Ev,Derricoat,ederricoatg7@is.gd,ederricoatg7
Zabrina,Piercy,zpiercyg8@vinaora.com,zpiercyg8
Carissa,Spurriar,cspurriarg9@hud.gov,cspurriarg9
Teressa,Larraway,tlarrawayga@columbia.edu,tlarrawayga
Jaime,Grimsdell,jgrimsdellgb@mapy.cz,jgrimsdellgb
Frederique,Trevorrow,ftrevorrowgc@spotify.com,ftrevorrowgc
Henry,Byk,hbykgd@home.pl,hbykgd
Riki,Warbeys,rwarbeysge@ocn.ne.jp,rwarbeysge
Markus,Stockings,mstockingsgf@usa.gov,mstockingsgf
Morissa,Bramall,mbramallgg@slideshare.net,mbramallgg
Wallie,Good,wgoodgh@usnews.com,wgoodgh
Genna,Rudge,grudgegi@squarespace.com,grudgegi
Ophelie,Stollsteiner,ostollsteinergj@networkadvertising.org,ostollsteinergj
Dante,Buffin,dbuffingk@wikia.com,dbuffingk
Cinda,Densey,cdenseygl@washington.edu,cdenseygl
Sterling,Martineau,smartineaugm@stanford.edu,smartineaugm
Bill,Lafont,blafontgn@prnewswire.com,blafontgn
Murray,Ateridge,materidgego@yahoo.co.jp,materidgego
Constantia,Karpol,ckarpolgp@google.it,ckarpolgp
Tabitha,Levis,tlevisgq@last.fm,tlevisgq
Boony,Wooffinden,bwooffindengr@intel.com,bwooffindengr
Codie,Reihm,creihmgs@mashable.com,creihmgs
Jory,Lortzing,jlortzinggt@google.nl,jlortzinggt
Elmo,Lubomirski,elubomirskigu@hc360.com,elubomirskigu
Agathe,Jaimez,ajaimezgv@patch.com,ajaimezgv
Mariejeanne,Jeannin,mjeanningw@printfriendly.com,mjeanningw
Caroline,Wrightson,cwrightsongx@ft.com,cwrightsongx
Emmott,Dollen,edollengy@amazon.de,edollengy
Shina,Roch,srochgz@sakura.ne.jp,srochgz
Christabel,Cockarill,ccockarillh0@addtoany.com,ccockarillh0
Tim,Shoubridge,tshoubridgeh1@ucla.edu,tshoubridgeh1
Leilah,Bog,lbogh2@ucsd.edu,lbogh2
Rickie,Dumingos,rdumingosh3@hp.com,rdumingosh3
Griff,Biagi,gbiagih4@columbia.edu,gbiagih4
Elyn,Hatcher,ehatcherh5@altervista.org,ehatcherh5
Cathryn,Flindall,cflindallh6@mlb.com,cflindallh6
Aldin,Myhan,amyhanh7@uiuc.edu,amyhanh7
Cherin,McLucas,cmclucash8@archive.org,cmclucash8
Lazarus,Fidilis,lfidilish9@sphinn.com,lfidilish9
Ingra,Ribbens,iribbensha@vkontakte.ru,iribbensha
Bord,Evenden,bevendenhb@netscape.com,bevendenhb
Rayshell,Soots,rsootshc@google.ca,rsootshc
Janek,Ethridge,jethridgehd@ameblo.jp,jethridgehd
Hasheem,Kinleyside,hkinleysidehe@pen.io,hkinleysidehe
Franciskus,Cheale,fchealehf@taobao.com,fchealehf
Gene,Deane,gdeanehg@elpais.com,gdeanehg
Emilie,Andrey,eandreyhh@php.net,eandreyhh
Carolina,Milleton,cmilletonhi@vk.com,cmilletonhi
Beverly,Gittoes,bgittoeshj@bloglovin.com,bgittoeshj
Launce,Peacham,lpeachamhk@si.edu,lpeachamhk
Wynn,Really,wreallyhl@accuweather.com,wreallyhl
Jarret,Extall,jextallhm@cnet.com,jextallhm
Pattie,Blaxter,pblaxterhn@goo.gl,pblaxterhn
Roobbie,Moth,rmothho@aol.com,rmothho
Fabio,Hasling,fhaslinghp@va.gov,fhaslinghp
Leanora,Jobe,ljobehq@rambler.ru,ljobehq
Bessy,Hayto,bhaytohr@paypal.com,bhaytohr
Almira,Greason,agreasonhs@canalblog.com,agreasonhs
Lenka,Bayfield,lbayfieldht@pcworld.com,lbayfieldht
Link,Mulder,lmulderhu@go.com,lmulderhu
Rubie,Pering,rperinghv@lycos.com,rperinghv
Gasper,Chattoe,gchattoehw@nasa.gov,gchattoehw
Woodrow,Thring,wthringhx@cargocollective.com,wthringhx
Sander,Senchenko,ssenchenkohy@loc.gov,ssenchenkohy
Morly,Cometto,mcomettohz@amazon.co.uk,mcomettohz
Keslie,Zavittieri,kzavittierii0@wisc.edu,kzavittierii0
Bekki,Barter,bbarteri1@taobao.com,bbarteri1
Roxana,Coneybeare,rconeybearei2@multiply.com,rconeybearei2
Lizette,Costard,lcostardi3@weebly.com,lcostardi3
Stern,Burchell,sburchelli4@miitbeian.gov.cn,sburchelli4
Tedmund,Lascell,tlascelli5@unc.edu,tlascelli5
Ezequiel,Healing,ehealingi6@cam.ac.uk,ehealingi6
Maisey,Mounch,mmounchi7@usnews.com,mmounchi7
Kathryne,Inett,kinetti8@jimdo.com,kinetti8
Court,Petru,cpetrui9@sciencedirect.com,cpetrui9
Morlee,Ingley,mingleyia@wikimedia.org,mingleyia
Irving,Yve,iyveib@abc.net.au,iyveib
Yorgo,Grumble,ygrumbleic@noaa.gov,ygrumbleic
Joanne,Emburey,jembureyid@de.vu,jembureyid
Loraine,Meneer,lmeneerie@google.co.jp,lmeneerie
Alta,Daubney,adaubneyif@ustream.tv,adaubneyif
Eberto,Fruser,efruserig@github.com,efruserig
Issi,Girardoni,igirardoniih@nps.gov,igirardoniih
Kerrie,Gniewosz,kgniewoszii@digg.com,kgniewoszii
Gianna,Cullimore,gcullimoreij@mayoclinic.com,gcullimoreij
Amber,Trigg,atriggik@tripadvisor.com,atriggik
Della,Barhims,dbarhimsil@newyorker.com,dbarhimsil
Bail,Coulthart,bcoulthartim@paypal.com,bcoulthartim
Ingram,Zipsell,izipsellin@wp.com,izipsellin
Adolf,Lepard,alepardio@cnbc.com,alepardio
Vin,Alder,valderip@list-manage.com,valderip
Tadeas,Petrussi,tpetrussiiq@salon.com,tpetrussiiq
Sergent,Hurch,shurchir@pbs.org,shurchir
Aloisia,Acton,aactonis@furl.net,aactonis
Clare,Pollie,cpollieit@addthis.com,cpollieit
Holly-anne,Jerrome,hjerromeiu@weebly.com,hjerromeiu
Grier,Greenhalgh,ggreenhalghiv@sfgate.com,ggreenhalghiv
Tarrance,Brahmer,tbrahmeriw@fc2.com,tbrahmeriw
Carlo,Drinkhall,cdrinkhallix@skype.com,cdrinkhallix
Candis,Pfeffel,cpfeffeliy@deliciousdays.com,cpfeffeliy
Oona,Haller,ohalleriz@slate.com,ohalleriz
Shandra,Bamell,sbamellj0@topsy.com,sbamellj0
Aubrey,Kenworthey,akenwortheyj1@topsy.com,akenwortheyj1
Monro,Leuren,mleurenj2@time.com,mleurenj2
Prent,Goodlett,pgoodlettj3@addthis.com,pgoodlettj3
Jehanna,Harrill,jharrillj4@about.com,jharrillj4
Andreana,Akid,aakidj5@google.cn,aakidj5
Angela,Lethcoe,alethcoej6@bing.com,alethcoej6
Torry,Wash,twashj7@mediafire.com,twashj7
Paxon,Jozaitis,pjozaitisj8@dailymail.co.uk,pjozaitisj8
Robin,Theunissen,rtheunissenj9@cargocollective.com,rtheunissenj9
Margaux,Wabe,mwabeja@icio.us,mwabeja
Aloise,Forson,aforsonjb@sciencedirect.com,aforsonjb
Ximenez,Gildersleaves,xgildersleavesjc@de.vu,xgildersleavesjc
Charisse,Inglis,cinglisjd@biblegateway.com,cinglisjd
Silvester,Halladey,shalladeyje@4shared.com,shalladeyje
Trina,Rouzet,trouzetjf@163.com,trouzetjf
Yorgos,Brickner,ybricknerjg@typepad.com,ybricknerjg
Thornie,Foulks,tfoulksjh@cargocollective.com,tfoulksjh
Vonni,Pitman,vpitmanji@msu.edu,vpitmanji
Shepperd,Benham,sbenhamjj@ifeng.com,sbenhamjj
Leena,Cottam,lcottamjk@army.mil,lcottamjk
Inessa,Wherrit,iwherritjl@dyndns.org,iwherritjl
Lem,Viner,lvinerjm@taobao.com,lvinerjm
Kamilah,Dominichetti,kdominichettijn@whitehouse.gov,kdominichettijn
Gwyn,Queen,gqueenjo@dion.ne.jp,gqueenjo
Austin,Masdin,amasdinjp@mozilla.com,amasdinjp
Aubine,Petyt,apetytjq@hc360.com,apetytjq
Loren,Tilburn,ltilburnjr@jiathis.com,ltilburnjr
Mariejeanne,Radleigh,mradleighjs@noaa.gov,mradleighjs
Corabella,Pettifer,cpettiferjt@newyorker.com,cpettiferjt
Bethany,Dumbelton,bdumbeltonju@netlog.com,bdumbeltonju
Iorgo,Erswell,ierswelljv@scientificamerican.com,ierswelljv
Jazmin,Mattea,jmatteajw@example.com,jmatteajw
Redd,Culter,rculterjx@businessweek.com,rculterjx
Bertina,Connochie,bconnochiejy@studiopress.com,bconnochiejy
Giusto,Meredith,gmeredithjz@ucla.edu,gmeredithjz
Evelyn,Ibbs,eibbsk0@w3.org,eibbsk0
Laura,Ivanilov,livanilovk1@soup.io,livanilovk1
Terrye,Dachs,tdachsk2@skyrock.com,tdachsk2
Rois,Stoney,rstoneyk3@sbwire.com,rstoneyk3
Pamella,Rockwell,prockwellk4@earthlink.net,prockwellk4
Janot,Onraet,jonraetk5@pbs.org,jonraetk5
Gwenora,Kempshall,gkempshallk6@issuu.com,gkempshallk6
Fidelity,Giacovetti,fgiacovettik7@reverbnation.com,fgiacovettik7
Arch,Masurel,amasurelk8@mediafire.com,amasurelk8
Jenna,Hatt,jhattk9@usatoday.com,jhattk9
Marguerite,Pohl,mpohlka@reuters.com,mpohlka
Davidson,Esp,despkb@washingtonpost.com,despkb
Delia,Wensley,dwensleykc@yahoo.com,dwensleykc
Sanders,Scawen,sscawenkd@hp.com,sscawenkd
Sigismondo,Pedro,spedroke@cbc.ca,spedroke
Dorian,Brewin,dbrewinkf@aol.com,dbrewinkf
Norman,Byrth,nbyrthkg@aboutads.info,nbyrthkg
Vaughan,McWilliam,vmcwilliamkh@bloglovin.com,vmcwilliamkh
Dulcy,Hodgets,dhodgetski@barnesandnoble.com,dhodgetski
Meriel,Tinline,mtinlinekj@squidoo.com,mtinlinekj
Laryssa,O'Glassane,loglassanekk@google.cn,loglassanekk
Gayel,Feeham,gfeehamkl@psu.edu,gfeehamkl
George,Spira,gspirakm@huffingtonpost.com,gspirakm
Kyla,Meenehan,kmeenehankn@usa.gov,kmeenehankn
Tova,Balloch,tballochko@sourceforge.net,tballochko
Mart,Linzee,mlinzeekp@prnewswire.com,mlinzeekp
Hildegaard,De Vere,hdeverekq@businesswire.com,hdeverekq
Rutherford,Orwin,rorwinkr@rediff.com,rorwinkr
Maisey,Cutajar,mcutajarks@wix.com,mcutajarks
Hanni,Lampkin,hlampkinkt@simplemachines.org,hlampkinkt
Liza,Kobierzycki,lkobierzyckiku@youtu.be,lkobierzyckiku
Benny,Kierans,bkieranskv@usgs.gov,bkieranskv
Carree,Angier,cangierkw@nydailynews.com,cangierkw
Rhianna,Saint,rsaintkx@uiuc.edu,rsaintkx
Bale,O'Boyle,boboyleky@narod.ru,boboyleky
Coletta,Conochie,cconochiekz@simplemachines.org,cconochiekz
Rozelle,Chapellow,rchapellowl0@about.com,rchapellowl0
Loren,Leamy,lleamyl1@stumbleupon.com,lleamyl1
Dante,Priter,dpriterl2@example.com,dpriterl2
Joceline,Hammerson,jhammersonl3@wp.com,jhammersonl3
Caryn,Tesyro,ctesyrol4@elegantthemes.com,ctesyrol4
Melinda,Wyne,mwynel5@example.com,mwynel5
Valera,Entwhistle,ventwhistlel6@bbc.co.uk,ventwhistlel6
Cheston,Hartford,chartfordl7@taobao.com,chartfordl7
Amara,Dubery,aduberyl8@state.gov,aduberyl8
Aubrey,Tremayne,atremaynel9@nba.com,atremaynel9
Corbin,Ricard,cricardla@hc360.com,cricardla
Auberon,Brunsen,abrunsenlb@stanford.edu,abrunsenlb
Carri,Millery,cmillerylc@google.com.br,cmillerylc
Claire,Boltwood,cboltwoodld@huffingtonpost.com,cboltwoodld
Basia,Chatband,bchatbandle@vinaora.com,bchatbandle
Hurleigh,Fouracre,hfouracrelf@umich.edu,hfouracrelf
Felike,Dyers,fdyerslg@examiner.com,fdyerslg
Northrop,Hynam,nhynamlh@craigslist.org,nhynamlh
Gayel,Dulin,gdulinli@hao123.com,gdulinli
Sydelle,Towll,stowlllj@acquirethisname.com,stowlllj
Thibaut,Guerner,tguernerlk@java.com,tguernerlk
Cody,Havile,chavilell@netvibes.com,chavilell
Mason,Cooksley,mcooksleylm@squidoo.com,mcooksleylm
Mufi,Yurikov,myurikovln@qq.com,myurikovln
Urbain,Klement,uklementlo@edublogs.org,uklementlo
Kelli,Morriarty,kmorriartylp@behance.net,kmorriartylp
Oliy,Ruegg,oruegglq@4shared.com,oruegglq
Janeva,Dumsday,jdumsdaylr@wix.com,jdumsdaylr
Cirilo,Petroulis,cpetroulisls@washingtonpost.com,cpetroulisls
Francois,Antonchik,fantonchiklt@google.de,fantonchiklt
Westleigh,Poyle,wpoylelu@g.co,wpoylelu
Kare,Lascelles,klascelleslv@businessinsider.com,klascelleslv
Erich,Cisec,eciseclw@abc.net.au,eciseclw
Belle,Carcass,bcarcasslx@shutterfly.com,bcarcasslx
Zechariah,Puller,zpullerly@wufoo.com,zpullerly
Kennan,Mourgue,kmourguelz@wikispaces.com,kmourguelz
Nichole,Lowthorpe,nlowthorpem0@xrea.com,nlowthorpem0
Tiffany,Lazare,tlazarem1@scribd.com,tlazarem1
Harwilll,Petrello,hpetrellom2@list-manage.com,hpetrellom2
Rivy,Ormond,rormondm3@uol.com.br,rormondm3
Alric,Flintoff,aflintoffm4@blinklist.com,aflintoffm4
Ignaz,Apedaile,iapedailem5@newyorker.com,iapedailem5
Kort,Carlesi,kcarlesim6@storify.com,kcarlesim6
Gizela,McLaggan,gmclagganm7@theguardian.com,gmclagganm7
Maggy,Laughlin,mlaughlinm8@mlb.com,mlaughlinm8
Cointon,Picford,cpicfordm9@msn.com,cpicfordm9
Ryann,Alderman,raldermanma@nhs.uk,raldermanma
Leandra,Rooms,lroomsmb@fc2.com,lroomsmb
Felisha,Sleath,fsleathmc@sbwire.com,fsleathmc
Jeremie,Walenta,jwalentamd@creativecommons.org,jwalentamd
Sherwood,Shugg,sshuggme@hexun.com,sshuggme
Caz,Duly,cdulymf@biblegateway.com,cdulymf
Cathee,MacTrustram,cmactrustrammg@cpanel.net,cmactrustrammg
Elianore,Witterick,ewitterickmh@mac.com,ewitterickmh
Antonie,Cheves,achevesmi@canalblog.com,achevesmi
Faun,Coward,fcowardmj@exblog.jp,fcowardmj
Juan,Tatem,jtatemmk@opensource.org,jtatemmk
Ezmeralda,Tiplady,etipladyml@studiopress.com,etipladyml
Wilek,McKinnon,wmckinnonmm@comsenz.com,wmckinnonmm
Darby,Beecraft,dbeecraftmn@soup.io,dbeecraftmn
Rebbecca,Thouless,rthoulessmo@reverbnation.com,rthoulessmo
Ailee,Boundey,aboundeymp@who.int,aboundeymp
Lezley,Pitson,lpitsonmq@etsy.com,lpitsonmq
Duane,Rand,drandmr@comcast.net,drandmr
Hobart,Becker,hbeckerms@arizona.edu,hbeckerms
Cynthie,Spier,cspiermt@myspace.com,cspiermt
Cello,Frangione,cfrangionemu@tiny.cc,cfrangionemu
Joshua,Minster,jminstermv@hc360.com,jminstermv
Brena,Scupham,bscuphammw@wp.com,bscuphammw
Gearalt,Sirrell,gsirrellmx@buzzfeed.com,gsirrellmx
Ursa,Uman,uumanmy@paypal.com,uumanmy
Bekki,Withinshaw,bwithinshawmz@purevolume.com,bwithinshawmz
Ora,Halmkin,ohalmkinn0@hhs.gov,ohalmkinn0
Leone,Seiter,lseitern1@ezinearticles.com,lseitern1
Tammie,Gilgryst,tgilgrystn2@ca.gov,tgilgrystn2
Norean,Joska,njoskan3@tripod.com,njoskan3
Shurwood,Schubert,sschubertn4@baidu.com,sschubertn4
Felecia,Enderle,fenderlen5@wordpress.com,fenderlen5
Ellene,Gehring,egehringn6@de.vu,egehringn6
Merill,Revey,mreveyn7@umn.edu,mreveyn7
Wilbur,Jinkinson,wjinkinsonn8@seesaa.net,wjinkinsonn8
Elsi,Loddon,eloddonn9@google.ca,eloddonn9
Gerianne,Bearcock,gbearcockna@a8.net,gbearcockna
Camel,Mackleden,cmackledennb@arstechnica.com,cmackledennb
Terra,Emloch,temlochnc@homestead.com,temlochnc
Ashleigh,Fardell,afardellnd@dailymotion.com,afardellnd
Lion,Linfield,llinfieldne@yandex.ru,llinfieldne
Benn,Purdy,bpurdynf@gnu.org,bpurdynf
Dorri,Scoles,dscolesng@google.it,dscolesng
Nani,Bloom,nbloomnh@goo.gl,nbloomnh
Kirsten,Gooms,kgoomsni@salon.com,kgoomsni
Evelyn,Woltman,ewoltmannj@unblog.fr,ewoltmannj
Birgit,Noulton,bnoultonnk@cdc.gov,bnoultonnk
Verne,Edy,vedynl@yale.edu,vedynl
Ervin,Tonge,etongenm@toplist.cz,etongenm
Deni,Simondson,dsimondsonnn@behance.net,dsimondsonnn
Domenic,Flux,dfluxno@nifty.com,dfluxno
Vladamir,Birkenshaw,vbirkenshawnp@freewebs.com,vbirkenshawnp
Lorinda,Pincked,lpinckednq@mapquest.com,lpinckednq
Rawley,Hassall,rhassallnr@goo.gl,rhassallnr
Merrilee,Gooch,mgoochns@howstuffworks.com,mgoochns
Christian,Smewin,csmewinnt@ow.ly,csmewinnt
Dewitt,Gooderson,dgoodersonnu@nationalgeographic.com,dgoodersonnu
Olivie,Fletham,oflethamnv@netlog.com,oflethamnv
Ferrel,Traher,ftrahernw@flavors.me,ftrahernw
Randolph,Nozzolinii,rnozzoliniinx@zdnet.com,rnozzoliniinx
Kennedy,Mattheis,kmattheisny@craigslist.org,kmattheisny
Whitney,Beaby,wbeabynz@hp.com,wbeabynz
Angelina,Licciardo,alicciardoo0@blogtalkradio.com,alicciardoo0
Jarred,Quincey,jquinceyo1@cmu.edu,jquinceyo1
Wilow,Forsyde,wforsydeo2@fc2.com,wforsydeo2
Florence,Gorch,fgorcho3@cdc.gov,fgorcho3
Celinka,Ornils,cornilso4@ezinearticles.com,cornilso4
Eddie,Alaway,ealawayo5@npr.org,ealawayo5
Nathanael,Ricci,nriccio6@1und1.de,nriccio6
Nissie,Brunone,nbrunoneo7@washington.edu,nbrunoneo7
Elia,Presshaugh,epresshaugho8@dailymail.co.uk,epresshaugho8
Waldon,Aristide,waristideo9@cbc.ca,waristideo9
Inez,Pancast,ipancastoa@narod.ru,ipancastoa
Bud,Gallico,bgallicoob@networksolutions.com,bgallicoob
Ophelia,Tapscott,otapscottoc@paginegialle.it,otapscottoc
Cesare,Hambleton,chambletonod@reddit.com,chambletonod
Kit,Brewer,kbreweroe@addtoany.com,kbreweroe
Lynsey,Bream,lbreamof@instagram.com,lbreamof
Sarette,Ludee,sludeeog@reverbnation.com,sludeeog
Hanan,Marling,hmarlingoh@godaddy.com,hmarlingoh
Ricoriki,Greader,rgreaderoi@smh.com.au,rgreaderoi
Pembroke,Hinken,phinkenoj@microsoft.com,phinkenoj
Jacinta,Maudsley,jmaudsleyok@hostgator.com,jmaudsleyok
Wallas,Cufley,wcufleyol@princeton.edu,wcufleyol
Cathi,Hartell,chartellom@elegantthemes.com,chartellom
Rois,Deakin,rdeakinon@irs.gov,rdeakinon
Miguela,Abrey,mabreyoo@addtoany.com,mabreyoo
Andrew,Shipman,ashipmanop@yale.edu,ashipmanop
Keven,Stennings,kstenningsoq@marriott.com,kstenningsoq
Tate,Pionter,tpionteror@bloglines.com,tpionteror
Clarine,Basindale,cbasindaleos@ucoz.com,cbasindaleos
Blane,Denekamp,bdenekampot@pbs.org,bdenekampot
Saundra,Dik,sdikou@mail.ru,sdikou
Sly,Esselen,sesselenov@webeden.co.uk,sesselenov
Laurena,Canto,lcantoow@dropbox.com,lcantoow
Darsie,Cochrane,dcochraneox@typepad.com,dcochraneox
Noami,Prendiville,nprendivilleoy@woothemes.com,nprendivilleoy
Vinita,Netti,vnettioz@mapquest.com,vnettioz
Winna,Stiff,wstiffp0@biglobe.ne.jp,wstiffp0
Bertie,Sermin,bserminp1@addtoany.com,bserminp1
Viv,Calverley,vcalverleyp2@fda.gov,vcalverleyp2
Sherill,Towlson,stowlsonp3@merriam-webster.com,stowlsonp3
Clemence,Brunelleschi,cbrunelleschip4@theglobeandmail.com,cbrunelleschip4
Oberon,Bonifacio,obonifaciop5@google.ca,obonifaciop5
Mycah,Tourry,mtourryp6@earthlink.net,mtourryp6
Leonanie,Finci,lfincip7@booking.com,lfincip7
Jeramie,Dampier,jdampierp8@epa.gov,jdampierp8
Peadar,Broadbent,pbroadbentp9@amazon.de,pbroadbentp9
Giraldo,Niesing,gniesingpa@163.com,gniesingpa
Britte,Alexandersen,balexandersenpb@51.la,balexandersenpb
Hunt,Maunder,hmaunderpc@csmonitor.com,hmaunderpc
Marie-jeanne,Diego,mdiegopd@wp.com,mdiegopd
Thurstan,Jerman,tjermanpe@constantcontact.com,tjermanpe
Rosene,Rulten,rrultenpf@blogger.com,rrultenpf
Ivette,Mowlam,imowlampg@qq.com,imowlampg
Faunie,Mixer,fmixerph@sfgate.com,fmixerph
Xylina,Bardell,xbardellpi@webeden.co.uk,xbardellpi
Ossie,Overy,ooverypj@about.me,ooverypj
Terencio,Attewell,tattewellpk@archive.org,tattewellpk
Phaedra,Dimmne,pdimmnepl@miibeian.gov.cn,pdimmnepl
Blinny,Brayshaw,bbrayshawpm@youtu.be,bbrayshawpm
Violet,Seamark,vseamarkpn@google.ru,vseamarkpn
Clyve,Simionato,csimionatopo@drupal.org,csimionatopo
Paquito,Toping,ptopingpp@imageshack.us,ptopingpp
Oralle,Quickfall,oquickfallpq@oaic.gov.au,oquickfallpq
Damon,McHugh,dmchughpr@google.com.hk,dmchughpr
Baxie,Hayworth,bhayworthps@wisc.edu,bhayworthps
Klaus,Renols,krenolspt@acquirethisname.com,krenolspt
Arlen,Currier,acurrierpu@columbia.edu,acurrierpu
Harry,Bartelet,hbarteletpv@oakley.com,hbarteletpv
Quintilla,Ewer,qewerpw@sakura.ne.jp,qewerpw
Korry,Origan,koriganpx@livejournal.com,koriganpx
Merl,Forsythe,mforsythepy@freewebs.com,mforsythepy
Fiona,Petyankin,fpetyankinpz@sphinn.com,fpetyankinpz
Stephani,Imesen,simesenq0@usatoday.com,simesenq0
Daphna,Syde,dsydeq1@oakley.com,dsydeq1
Eliza,Roskeilly,eroskeillyq2@desdev.cn,eroskeillyq2
Kalinda,Emms,kemmsq3@cbc.ca,kemmsq3
Ginnie,Loveredge,gloveredgeq4@twitpic.com,gloveredgeq4
Adaline,Gaydon,agaydonq5@163.com,agaydonq5
Deloria,Grinin,dgrininq6@dedecms.com,dgrininq6
Wye,Walkey,wwalkeyq7@shutterfly.com,wwalkeyq7
Vasilis,Aldiss,valdissq8@a8.net,valdissq8
Chet,Hacard,chacardq9@globo.com,chacardq9
Giorgio,Petford,gpetfordqa@mysql.com,gpetfordqa
Annetta,Torbett,atorbettqb@youku.com,atorbettqb
Laurena,Wattingham,lwattinghamqc@wikipedia.org,lwattinghamqc
Marcella,Prangle,mprangleqd@epa.gov,mprangleqd
Merrielle,Lergan,mlerganqe@ustream.tv,mlerganqe
Morrie,Axston,maxstonqf@ovh.net,maxstonqf
Blanche,Binham,bbinhamqg@altervista.org,bbinhamqg
Jarrid,Enstone,jenstoneqh@ning.com,jenstoneqh
Lil,Collinwood,lcollinwoodqi@so-net.ne.jp,lcollinwoodqi
Brnaby,McNeigh,bmcneighqj@mediafire.com,bmcneighqj
Tudor,Swindells,tswindellsqk@ovh.net,tswindellsqk
Rozalie,Serjeant,rserjeantql@slate.com,rserjeantql
Gilburt,Niesegen,gniesegenqm@economist.com,gniesegenqm
Sandie,Forte,sforteqn@fema.gov,sforteqn
Devonna,MacMoyer,dmacmoyerqo@census.gov,dmacmoyerqo
Jaclin,Dudlestone,jdudlestoneqp@chronoengine.com,jdudlestoneqp
Raimundo,Mulqueen,rmulqueenqq@webmd.com,rmulqueenqq
Jefferson,Ungerechts,jungerechtsqr@wsj.com,jungerechtsqr
Haleigh,Pardie,hpardieqs@ca.gov,hpardieqs
Trent,Sitwell,tsitwellqt@reference.com,tsitwellqt
Norean,Jiru,njiruqu@nytimes.com,njiruqu
Ginny,McEntegart,gmcentegartqv@xinhuanet.com,gmcentegartqv
Rory,Rispine,rrispineqw@google.ru,rrispineqw
Blithe,Matiewe,bmatieweqx@devhub.com,bmatieweqx
Emmi,Agge,eaggeqy@wikispaces.com,eaggeqy
Koren,Gavagan,kgavaganqz@harvard.edu,kgavaganqz
Estevan,Starie,estarier0@ameblo.jp,estarier0
Nell,Bemand,nbemandr1@hao123.com,nbemandr1
Ninette,Thuillier,nthuillierr2@godaddy.com,nthuillierr2
Daveta,Hearnes,dhearnesr3@time.com,dhearnesr3
Marnia,Mewburn,mmewburnr4@so-net.ne.jp,mmewburnr4
Marianna,Dyers,mdyersr5@pagesperso-orange.fr,mdyersr5
Ninnette,Whitewood,nwhitewoodr6@bigcartel.com,nwhitewoodr6
Lynne,Talman,ltalmanr7@weebly.com,ltalmanr7
Denis,Curthoys,dcurthoysr8@prweb.com,dcurthoysr8
Louie,MacCafferty,lmaccaffertyr9@japanpost.jp,lmaccaffertyr9
Lauri,Ohlsen,lohlsenra@huffingtonpost.com,lohlsenra
Cornelle,Fullerton,cfullertonrb@jimdo.com,cfullertonrb
Elonore,Sinclair,esinclairrc@tmall.com,esinclairrc
Tyler,Bocken,tbockenrd@hugedomains.com,tbockenrd
Ethelred,Hinemoor,ehinemoorre@newyorker.com,ehinemoorre
Izaak,McKune,imckunerf@dyndns.org,imckunerf
Deborah,Saggs,dsaggsrg@bbc.co.uk,dsaggsrg
Elyssa,Fludgate,efludgaterh@ask.com,efludgaterh
Leonora,Martschke,lmartschkeri@usnews.com,lmartschkeri
Bailey,Benedict,bbenedictrj@businessweek.com,bbenedictrj
Joannes,Foad,jfoadrk@imgur.com,jfoadrk
Dyane,Curado,dcuradorl@mac.com,dcuradorl
Polly,Vaskin,pvaskinrm@infoseek.co.jp,pvaskinrm
Josephina,Grise,jgrisern@reddit.com,jgrisern
Vaclav,Starcks,vstarcksro@amazon.co.uk,vstarcksro
Sarge,Sheer,ssheerrp@vk.com,ssheerrp
Pammie,Chaudret,pchaudretrq@gizmodo.com,pchaudretrq
Horace,Hughes,hhughesrr@furl.net,hhughesrr
